Topic,Count,Name
-1,59444,-1_Restaurant review - good food and service at a reasonable price___
0,7768,"0_""Best pintxos restaurants in Bilbao's casco viejo""___"
1,7010,1_Quality Hamburgers___
2,5064,2_Negative restaurant experience with poor service and mediocre food___
3,4250,3_Good coffee for breakfast in a nice café___
4,3334,4_Delicious Pizza Varieties___
5,3138,5_Bars with great pintxos and a pleasant atmosphere.___
6,2931,6_Recommendations for Good Places to Eat with a Nice Ambiance and Great Service___
7,2456,7_Positive Reviews of Waitstaff and Food Quality___
8,2437,8_Menú del día de buena calidad y a un precio asequible.___
9,2414,9_Quality and affordability of products___
10,2096,"10_Recommendations for High-Quality Seafood and Meat Cuisine, Including Fresh Salmon and Delicious varieties of Fish and Shellfish___"
11,2019,11_Places to Visit - Cozy and Beautiful Locations with Excellent Food and Great Ambience.___
12,1827,12_Quality restaurant with excellent food and service___
13,1690,13_Evaluating Service and Food Quality in Restaurant Dining___
14,1525,14_Wine and tapas selection with great service and variety at a good price___
15,1498,15_Vegetarian and Vegan Options in a Restaurant___
16,1409,16_Tasty and Affordable Pinchos and Tapas with Great Service___
17,1276,17_Evaluating something that is not exceptional but not bad either___
18,1257,18_Craft beer selection in a cozy and welcoming place with great pinchos.___
19,1202,19_Customer service excellence___
20,1008,20_Delicioso variedad de bocadillos y pintxos con sabores explosivos___
21,1005,21_Excellent food and service.___
22,989,22_Positive feedback on a dining experience and intent to return___
23,934,23_Variedad de pintxos deliciosos y originales con espectacular decoración y excelente selección de tapas y pinchos variados.___
24,908,24_Poor customer service and bad treatment by employees___
25,906,25_Evaluating the Quality of Meat: From Excellent Chuletón to Delicious Salchichas___
26,894,26_Excellent Basque cuisine with great service and atmosphere at a recommended and cozy local place with friendly staff and affordable prices___
27,864,27_Good music and atmosphere in a local establishment___
28,838,28_Complaints about food quality and price in a restaurant___
29,796,29_Good quality food at reasonable prices___
30,763,30_Spanish tortilla de patatas___
31,720,31_Customer Service Excellence and Friendliness___
32,717,"32_Excellent Customer Service and Quality Food (based on the repetitive keyword ""muy buena atención"" meaning ""excellent customer service"" and ""pinchos rico"" meaning ""quality food"")___"
33,715,33_Delicious and Varied Tortillas and Pinchos with Excellent Truffle and Jamón in a Great Atmosphere.___
34,683,34_Best Hamburgers in Bilbao___
35,657,35_Recommended places for good food and drinks (with a nice ambiance)___
36,657,36_Good Tapas and Pinchos with Spectacular Options___
37,656,37_Dining Experience with Excellent Service___
38,653,38_Mexican Food Recommendations___
39,647,39_Local de compras con buena relación calidad-precio y ambiente agradable.___
40,608,40_Pollo Asado - Variety of Chicken Dishes___
41,607,41_Best Places to Eat in Bilbao's Old Town___
42,606,42_Excellent Rice Dishes___
43,598,43_Excellent Food and Service___
44,588,44_Delicious food experience___
45,571,45_Delicious desserts and great service___
46,561,46_Terraza con ambiente agradable y buenos pintxos en un local amplio con vistas de la ría___
47,556,47_Delicious pinchos and excellent service in a Galician-inspired atmosphere.___
48,543,48_The Best Cafes in Bilbao for Breakfast___
49,538,49_Professional and Friendly Staff with Excellent Service Quality___
50,522,50_Quality Products and Excellent Attention___
51,510,51_Excellent Peruvian cuisine and dining experience___
52,483,52_Slow service but good food in general___
53,481,53_Quality and Affordable Daily Menu___
54,480,54_Sushi quality and variety in a Japanese restaurant___
55,468,55_Quality and Variety in Deliciously Prepared and Well-Presented Plates with Excellent Service and Recommended Prices___
56,460,56_Excellent Food and Professional Service by Attentive Staff___
57,456,57_Asian cuisine at affordable prices in a pleasant restaurant ambiance___
58,443,58_Menú del día de 12 euros con variedad de platos y buen relación calidad precio___
59,419,59_Delicious Cheesecake Varieties and Recommendations___
60,402,60_Agradable ambiente y excelente servicio en un local tranquilo y acogedor.___
61,393,61_Best Pizzas in Bilbao___
62,391,62_Topic: Positive environment and atmosphere for enjoying good tapas and drinks in a great location.___
63,391,"63_""Experiencing excellence - Spectacular as always""___"
64,391,64_Gluten-free options for people with celiac disease___
65,387,65_Positive reviews of a menu del día with good quality and price.___
66,371,66_Quality Japanese Cuisine at a Reasonable Price___
67,365,"67_My favorite things to enjoy: Encanta, Gusto, Amo, Ñam, Pinchos, Pintxos, Whopper___"
68,365,"68_""Pintxos de 10""___"
69,352,69_Delicious Sandwiches by Eme Torres - A Secret Recipe for the Best Sandwiches in the World!___
70,352,70_Authentic Italian Cuisine at Affordable Prices___
71,352,71_Slow service and long waits for orders___
72,344,72_Lindo and diverse experiences___
73,341,73_Variety and Quality of Handcrafted Ice Cream flavors at Los Idiazabal Ice Cream Shop.___
74,333,74_Excelente and Related Keywords___
75,312,"75_Positive customer reviews on food, service, and atmosphere with high likelihood of returning (keywords: volveremos, comida, servicio, ambiente)___"
76,287,76_Pet-friendly terrace experiences___
77,283,"77_Multiple repetitions of ""Muy bien"" and related keywords___"
78,278,"78_""Variety of Delicious and Affordable Pinchos - Finding the Best Deals in Godella""___"
79,262,79_Pintxos Adventure in Bilbao___
80,259,80_Quality of a Cozy Place___
81,256,81_Authentic Greek cuisine at a cozy and recommended restaurant___
82,256,"82_Mexican food - burritos, tacos, nachos, and decor___"
83,254,"83_Positive review or experience featuring keywords such as ""gustado"", ""encantó"", ""disfruté"", ""genial"", ""excelente"", ""volveré"", and compliments to the service provided by Alex and Nohemí.___"
84,248,84_Ramen Recommendations___
85,245,85_Variada y excelente calidad en carta con personalizado servicio y espectacular sitio a precios recomendables.___
86,243,86_Positive reviews of salads and meat dishes at a restaurant___
87,233,87_Quick and efficient service with friendly and helpful staff___
88,229,88_Perfecto Todo Bueno Ideal Descubiertos___
89,227,89_Quality and Service Excellence with Good Pricing___
90,225,90_Ratings and Reviews (related to stars/estrellas)___
91,225,"91_""The Best of the World's Pinchos and Bokatas, Including Txuletas, Chuletones, and Rabas - From Morunos to Ostras and Beyond""___"
92,225,92_Variety and Quality of Bien Products___
93,223,93_Positive Customer Experience as a Cashier___
94,219,94_Reviews for a Great Spanish Restaurant with Good Service in Spain___
95,215,95_Food service and pleasant experience at Bodegon Mendia___
96,214,"96_Evaluating the Quality of Service, Price and Relationship in the Hospitality Industry___"
97,214,97_Positive experience with food and service.___
98,212,98_Amable Personal (Friendly Staff)___
99,211,99_Eating and viewing options near the Guggenheim Museum___
100,208,100_Chocolate con churros y otras delicias de la repostería___
101,206,101_Dining Experience with Friends - Excellent Quality and Service___
102,203,102_Exceptional Customer Service and Delicious Food Offerings at Markel El Pinxios___
103,201,"103_""Muy bueno"" (since all the documents have the same title, we could use it as the topic label)___"
104,199,104_Celebrating birthdays and other celebrations with excellent service and food___
105,186,105_Indian Food in a Nepali Restaurant___
106,184,106_Vegan and Vegetarian Food Options in Bilbao___
107,183,"107_Positive reviews of food and service at a kiosk, highlighting the excellent attentiveness of the cashier named Wendy.___"
108,181,108_Excellent Food and Service___
109,180,"109_""Genial documents with positive keywords""___"
110,179,110_Places to enjoy drinks with friends___
111,175,111_Classic Bilbaíno Cuisine___
112,174,"112_""Evaluation of product and service quality""___"
113,170,"113_Delicious variety of dishes - Más, Foster, Pedigree, and more!___"
114,168,114_Highly recommended and delicious food in Estepona___
115,168,"115_Best Mexican food in Bilbao, Spain - a review of top taquerias and restaurants___"
116,162,116_German cuisine and beer in a traditional restaurant ambiance___
117,162,"117_""Buenos Pintxos in Bilbao - Tips and Recommendations""___"
118,155,"118_""Jamón de buen corte y excelente sabor: Tostas, bocadillos, pintxos y más""___"
119,155,119_High Praise for Excellent Food and Service (10/10)___
120,154,120_Expressions of satisfaction with familiar service___
121,147,121_Customer Service Excellence___
122,146,122_Excellent service provided by Cajera Wendy at a clean and friendly establishment___
123,143,123_Dining Experience with Great Food and Friendly Staff___
124,142,124_Great food and service with excellent presentation and attentive staff.___
125,142,"125_""Muy rico todo"" (based on the repeated document titles)___"
126,142,"126_Positive reviews of a restaurant's food, service, and ambiance with intention to return.___"
127,139,127_Buen sitio para cenar - cena informal con amigos o pareja___
128,138,128_Best traditional food stops in Casco Viejo___
129,137,129_High-quality fast food and chains at affordable prices___
130,128,130_Best Japanese restaurant in Bilbao with quality food and good prices___
131,128,131_Coping with Overcrowding and Noise in Public Spaces___
132,127,132_Documents confirming everything is correct and in order___
133,125,133_Cleanliness of restrooms at a restaurant and payment for bathroom use___
134,124,134_Excellent bread options at affordable prices in a variety of types and ingredients at a quality bakery___
135,124,"135_""Good meals and food""___"
136,121,136_Espectacular performances or events___
137,117,137_Traditional cuisine blending Basque and Oriental flavors___
138,115,"138_Delicious lamb dishes, including moruno skewers and various preparations such as asado, vindaloo, and more.___"
139,114,139_Recommended places to enjoy drinks and snacks in a relaxed and pleasant atmosphere___
140,112,140_Love for Food and Service___
141,110,141_Delicious and superb Estupendo dishes___
142,108,"142_""Muy bueno todo - Reviews and Recommendations""___"
143,107,"143_Positive reviews of food and service with keywords like ""rico"", ""buen servicio"", ""rápido"", ""recomendable"", ""económico"", ""excelente"", ""atento""___"
144,107,144_Gildas y Pinchos Morunos___
145,105,145_Best places to watch Athletic Club matches with a great atmosphere___
146,105,"146_""Best weekend menu options with varied and excellent quality dishes at a reasonable price, including Saturdays and Fridays, with great recommendations and even a top limit""___"
147,101,"147_""Buenos pinchos - Recommended""___"
148,101,148_The Best Nachos with Delicious Salsa and Guacamole___
